station,month_year,rainfall
300201-แม่ฮ่องสอน จ.แม่ฮ่องสอน,Jan-98,-
300201-แม่ฮ่องสอน จ.แม่ฮ่องสอน,Feb-98,-
300201-แม่ฮ่องสอน จ.แม่ฮ่องสอน,Mar-98,3.6
300201-แม่ฮ่องสอน จ.แม่ฮ่องสอน,Apr-98,22.7
300201-แม่ฮ่องสอน จ.แม่ฮ่องสอน,May-98,171.1
300201-แม่ฮ่องสอน จ.แม่ฮ่องสอน,Jun-98,114.2
300201-แม่ฮ่องสอน จ.แม่ฮ่องสอน,Jul-98,165.6
300201-แม่ฮ่องสอน จ.แม่ฮ่องสอน,Aug-98,243.5
300201-แม่ฮ่องสอน จ.แม่ฮ่องสอน,Sep-98,157.7
300201-แม่ฮ่องสอน จ.แม่ฮ่องสอน,Oct-98,29
300201-แม่ฮ่องสอน จ.แม่ฮ่องสอน,Nov-98,23.9
300201-แม่ฮ่องสอน จ.แม่ฮ่องสอน,Dec-98,2.9
300201-แม่ฮ่องสอน จ.แม่ฮ่องสอน,Jan-99,6.9
300201-แม่ฮ่องสอน จ.แม่ฮ่องสอน,Feb-99,7.1
300201-แม่ฮ่องสอน จ.แม่ฮ่องสอน,Mar-99,12.4
300201-แม่ฮ่องสอน จ.แม่ฮ่องสอน,Apr-99,130.9
300201-แม่ฮ่องสอน จ.แม่ฮ่องสอน,May-99,211.1
300201-แม่ฮ่องสอน จ.แม่ฮ่องสอน,Jun-99,120.3
300201-แม่ฮ่องสอน จ.แม่ฮ่องสอน,Jul-99,146.7
300201-แม่ฮ่องสอน จ.แม่ฮ่องสอน,Aug-99,263.9
300201-แม่ฮ่องสอน จ.แม่ฮ่องสอน,Sep-99,216.6
300201-แม่ฮ่องสอน จ.แม่ฮ่องสอน,Oct-99,155.1
300201-แม่ฮ่องสอน จ.แม่ฮ่องสอน,Nov-99,42.7
300201-แม่ฮ่องสอน จ.แม่ฮ่องสอน,Dec-99,6.3
300201-แม่ฮ่องสอน จ.แม่ฮ่องสอน,Jan-00,0.6
300201-แม่ฮ่องสอน จ.แม่ฮ่องสอน,Feb-00,33.8
300201-แม่ฮ่องสอน จ.แม่ฮ่องสอน,Mar-00,134.8
300201-แม่ฮ่องสอน จ.แม่ฮ่องสอน,Apr-00,157.5
300201-แม่ฮ่องสอน จ.แม่ฮ่องสอน,May-00,210.2
300201-แม่ฮ่องสอน จ.แม่ฮ่องสอน,Jun-00,179.2
300201-แม่ฮ่องสอน จ.แม่ฮ่องสอน,Jul-00,233.6
300201-แม่ฮ่องสอน จ.แม่ฮ่องสอน,Aug-00,134
300201-แม่ฮ่องสอน จ.แม่ฮ่องสอน,Sep-00,352.9
300201-แม่ฮ่องสอน จ.แม่ฮ่องสอน,Oct-00,180.4
300201-แม่ฮ่องสอน จ.แม่ฮ่องสอน,Nov-00,2.6
300201-แม่ฮ่องสอน จ.แม่ฮ่องสอน,Dec-00,-
300201-แม่ฮ่องสอน จ.แม่ฮ่องสอน,1-Jan,18
300201-แม่ฮ่องสอน จ.แม่ฮ่องสอน,1-Feb,3.1
300201-แม่ฮ่องสอน จ.แม่ฮ่องสอน,1-Mar,41.1
300201-แม่ฮ่องสอน จ.แม่ฮ่องสอน,1-Apr,6.7
300201-แม่ฮ่องสอน จ.แม่ฮ่องสอน,1-May,216.4
300201-แม่ฮ่องสอน จ.แม่ฮ่องสอน,1-Jun,127.7
300201-แม่ฮ่องสอน จ.แม่ฮ่องสอน,1-Jul,239.9
300201-แม่ฮ่องสอน จ.แม่ฮ่องสอน,1-Aug,198.8
300201-แม่ฮ่องสอน จ.แม่ฮ่องสอน,1-Sep,272.4
300201-แม่ฮ่องสอน จ.แม่ฮ่องสอน,1-Oct,194
300201-แม่ฮ่องสอน จ.แม่ฮ่องสอน,1-Nov,23.3
300201-แม่ฮ่องสอน จ.แม่ฮ่องสอน,1-Dec,16.8
300201-แม่ฮ่องสอน จ.แม่ฮ่องสอน,2-Jan,-
300201-แม่ฮ่องสอน จ.แม่ฮ่องสอน,2-Feb,22.5
300201-แม่ฮ่องสอน จ.แม่ฮ่องสอน,2-Mar,-
300201-แม่ฮ่องสอน จ.แม่ฮ่องสอน,2-Apr,8.7
300201-แม่ฮ่องสอน จ.แม่ฮ่องสอน,2-May,278
300201-แม่ฮ่องสอน จ.แม่ฮ่องสอน,2-Jun,295.4
300201-แม่ฮ่องสอน จ.แม่ฮ่องสอน,2-Jul,181.4
300201-แม่ฮ่องสอน จ.แม่ฮ่องสอน,2-Aug,322.2
300201-แม่ฮ่องสอน จ.แม่ฮ่องสอน,2-Sep,275.4
300201-แม่ฮ่องสอน จ.แม่ฮ่องสอน,2-Oct,52.2
300201-แม่ฮ่องสอน จ.แม่ฮ่องสอน,2-Nov,121.3
300201-แม่ฮ่องสอน จ.แม่ฮ่องสอน,2-Dec,4
300201-แม่ฮ่องสอน จ.แม่ฮ่องสอน,3-Jan,38.8
300201-แม่ฮ่องสอน จ.แม่ฮ่องสอน,3-Feb,12.8
300201-แม่ฮ่องสอน จ.แม่ฮ่องสอน,3-Mar,4
300201-แม่ฮ่องสอน จ.แม่ฮ่องสอน,3-Apr,76.4
300201-แม่ฮ่องสอน จ.แม่ฮ่องสอน,3-May,123.7
300201-แม่ฮ่องสอน จ.แม่ฮ่องสอน,3-Jun,232.8
300201-แม่ฮ่องสอน จ.แม่ฮ่องสอน,3-Jul,170
300201-แม่ฮ่องสอน จ.แม่ฮ่องสอน,3-Aug,132.7
300201-แม่ฮ่องสอน จ.แม่ฮ่องสอน,3-Sep,171.2
300201-แม่ฮ่องสอน จ.แม่ฮ่องสอน,3-Oct,206.5
300201-แม่ฮ่องสอน จ.แม่ฮ่องสอน,3-Nov,19
300201-แม่ฮ่องสอน จ.แม่ฮ่องสอน,3-Dec,-
300202-แม่สะเรียง จ.แม่ฮ่องสอน,Jan-98,-
300202-แม่สะเรียง จ.แม่ฮ่องสอน,Feb-98,-
300202-แม่สะเรียง จ.แม่ฮ่องสอน,Mar-98,-
300202-แม่สะเรียง จ.แม่ฮ่องสอน,Apr-98,-
300202-แม่สะเรียง จ.แม่ฮ่องสอน,May-98,212.7
300202-แม่สะเรียง จ.แม่ฮ่องสอน,Jun-98,105.7
300202-แม่สะเรียง จ.แม่ฮ่องสอน,Jul-98,165.1
300202-แม่สะเรียง จ.แม่ฮ่องสอน,Aug-98,79
300202-แม่สะเรียง จ.แม่ฮ่องสอน,Sep-98,71.6
300202-แม่สะเรียง จ.แม่ฮ่องสอน,Oct-98,61.3
300202-แม่สะเรียง จ.แม่ฮ่องสอน,Nov-98,12.8
300202-แม่สะเรียง จ.แม่ฮ่องสอน,Dec-98,18.2
300202-แม่สะเรียง จ.แม่ฮ่องสอน,Jan-99,1
300202-แม่สะเรียง จ.แม่ฮ่องสอน,Feb-99,58
300202-แม่สะเรียง จ.แม่ฮ่องสอน,Mar-99,1
300202-แม่สะเรียง จ.แม่ฮ่องสอน,Apr-99,146.1
300202-แม่สะเรียง จ.แม่ฮ่องสอน,May-99,232.2
300202-แม่สะเรียง จ.แม่ฮ่องสอน,Jun-99,132.9
300202-แม่สะเรียง จ.แม่ฮ่องสอน,Jul-99,109.4
300202-แม่สะเรียง จ.แม่ฮ่องสอน,Aug-99,331.6
300202-แม่สะเรียง จ.แม่ฮ่องสอน,Sep-99,208.6
300202-แม่สะเรียง จ.แม่ฮ่องสอน,Oct-99,103.7
300202-แม่สะเรียง จ.แม่ฮ่องสอน,Nov-99,23.3
300202-แม่สะเรียง จ.แม่ฮ่องสอน,Dec-99,2.7
300202-แม่สะเรียง จ.แม่ฮ่องสอน,Jan-00,-
300202-แม่สะเรียง จ.แม่ฮ่องสอน,Feb-00,8.9
300202-แม่สะเรียง จ.แม่ฮ่องสอน,Mar-00,45.8
300202-แม่สะเรียง จ.แม่ฮ่องสอน,Apr-00,167.7
300202-แม่สะเรียง จ.แม่ฮ่องสอน,May-00,329.3
300202-แม่สะเรียง จ.แม่ฮ่องสอน,Jun-00,171.9
300202-แม่สะเรียง จ.แม่ฮ่องสอน,Jul-00,138.6
300202-แม่สะเรียง จ.แม่ฮ่องสอน,Aug-00,198
300202-แม่สะเรียง จ.แม่ฮ่องสอน,Sep-00,164.3
300202-แม่สะเรียง จ.แม่ฮ่องสอน,Oct-00,190
300202-แม่สะเรียง จ.แม่ฮ่องสอน,Nov-00,0.8
300202-แม่สะเรียง จ.แม่ฮ่องสอน,Dec-00,0.2
300202-แม่สะเรียง จ.แม่ฮ่องสอน,1-Jan,0.7
300202-แม่สะเรียง จ.แม่ฮ่องสอน,1-Feb,-
300202-แม่สะเรียง จ.แม่ฮ่องสอน,1-Mar,109
300202-แม่สะเรียง จ.แม่ฮ่องสอน,1-Apr,9.5
300202-แม่สะเรียง จ.แม่ฮ่องสอน,1-May,102.5
300202-แม่สะเรียง จ.แม่ฮ่องสอน,1-Jun,132.1
300202-แม่สะเรียง จ.แม่ฮ่องสอน,1-Jul,173.5
300202-แม่สะเรียง จ.แม่ฮ่องสอน,1-Aug,216.9
300202-แม่สะเรียง จ.แม่ฮ่องสอน,1-Sep,222
300202-แม่สะเรียง จ.แม่ฮ่องสอน,1-Oct,194.7
300202-แม่สะเรียง จ.แม่ฮ่องสอน,1-Nov,49.1
300202-แม่สะเรียง จ.แม่ฮ่องสอน,1-Dec,7.9
300202-แม่สะเรียง จ.แม่ฮ่องสอน,2-Jan,-
300202-แม่สะเรียง จ.แม่ฮ่องสอน,2-Feb,7.8
300202-แม่สะเรียง จ.แม่ฮ่องสอน,2-Mar,0.8
300202-แม่สะเรียง จ.แม่ฮ่องสอน,2-Apr,7.9
300202-แม่สะเรียง จ.แม่ฮ่องสอน,2-May,251.7
300202-แม่สะเรียง จ.แม่ฮ่องสอน,2-Jun,178.5
300202-แม่สะเรียง จ.แม่ฮ่องสอน,2-Jul,167.6
300202-แม่สะเรียง จ.แม่ฮ่องสอน,2-Aug,358.1
300202-แม่สะเรียง จ.แม่ฮ่องสอน,2-Sep,175.7
300202-แม่สะเรียง จ.แม่ฮ่องสอน,2-Oct,56.7
300202-แม่สะเรียง จ.แม่ฮ่องสอน,2-Nov,39.4
300202-แม่สะเรียง จ.แม่ฮ่องสอน,2-Dec,42.9
300202-แม่สะเรียง จ.แม่ฮ่องสอน,3-Jan,15.2
300202-แม่สะเรียง จ.แม่ฮ่องสอน,3-Feb,-
300202-แม่สะเรียง จ.แม่ฮ่องสอน,3-Mar,3.3
300202-แม่สะเรียง จ.แม่ฮ่องสอน,3-Apr,62.7
300202-แม่สะเรียง จ.แม่ฮ่องสอน,3-May,133
300202-แม่สะเรียง จ.แม่ฮ่องสอน,3-Jun,204.4
300202-แม่สะเรียง จ.แม่ฮ่องสอน,3-Jul,197.2
300202-แม่สะเรียง จ.แม่ฮ่องสอน,3-Aug,121.2
300202-แม่สะเรียง จ.แม่ฮ่องสอน,3-Sep,152.6
300202-แม่สะเรียง จ.แม่ฮ่องสอน,3-Oct,74
300202-แม่สะเรียง จ.แม่ฮ่องสอน,3-Nov,-
300202-แม่สะเรียง จ.แม่ฮ่องสอน,3-Dec,-
303201-เชียงราย จ.เชียงราย,Jan-98,-
303201-เชียงราย จ.เชียงราย,Feb-98,-
303201-เชียงราย จ.เชียงราย,Mar-98,12.7
303201-เชียงราย จ.เชียงราย,Apr-98,98.1
303201-เชียงราย จ.เชียงราย,May-98,159
303201-เชียงราย จ.เชียงราย,Jun-98,296.3
303201-เชียงราย จ.เชียงราย,Jul-98,290.3
303201-เชียงราย จ.เชียงราย,Aug-98,417.2
303201-เชียงราย จ.เชียงราย,Sep-98,239
303201-เชียงราย จ.เชียงราย,Oct-98,13.9
303201-เชียงราย จ.เชียงราย,Nov-98,42.1
303201-เชียงราย จ.เชียงราย,Dec-98,3.2
303201-เชียงราย จ.เชียงราย,Jan-99,37.9
303201-เชียงราย จ.เชียงราย,Feb-99,14.4
303201-เชียงราย จ.เชียงราย,Mar-99,45.1
303201-เชียงราย จ.เชียงราย,Apr-99,111
303201-เชียงราย จ.เชียงราย,May-99,219.7
303201-เชียงราย จ.เชียงราย,Jun-99,87
303201-เชียงราย จ.เชียงราย,Jul-99,161
303201-เชียงราย จ.เชียงราย,Aug-99,469.2
303201-เชียงราย จ.เชียงราย,Sep-99,173.8
303201-เชียงราย จ.เชียงราย,Oct-99,96.8
303201-เชียงราย จ.เชียงราย,Nov-99,53
303201-เชียงราย จ.เชียงราย,Dec-99,28
303201-เชียงราย จ.เชียงราย,Jan-00,-
303201-เชียงราย จ.เชียงราย,Feb-00,65.6
303201-เชียงราย จ.เชียงราย,Mar-00,73.2
303201-เชียงราย จ.เชียงราย,Apr-00,158.4
303201-เชียงราย จ.เชียงราย,May-00,268.4
303201-เชียงราย จ.เชียงราย,Jun-00,252.2
303201-เชียงราย จ.เชียงราย,Jul-00,233.2
303201-เชียงราย จ.เชียงราย,Aug-00,225.6
303201-เชียงราย จ.เชียงราย,Sep-00,286.1
303201-เชียงราย จ.เชียงราย,Oct-00,66.5
303201-เชียงราย จ.เชียงราย,Nov-00,3.9
303201-เชียงราย จ.เชียงราย,Dec-00,6
303201-เชียงราย จ.เชียงราย,1-Jan,1.9
303201-เชียงราย จ.เชียงราย,1-Feb,-
303201-เชียงราย จ.เชียงราย,1-Mar,100
303201-เชียงราย จ.เชียงราย,1-Apr,44.1
303201-เชียงราย จ.เชียงราย,1-May,642.9
303201-เชียงราย จ.เชียงราย,1-Jun,171.6
303201-เชียงราย จ.เชียงราย,1-Jul,352
303201-เชียงราย จ.เชียงราย,1-Aug,246.3
303201-เชียงราย จ.เชียงราย,1-Sep,545.1
303201-เชียงราย จ.เชียงราย,1-Oct,179.1
303201-เชียงราย จ.เชียงราย,1-Nov,-
303201-เชียงราย จ.เชียงราย,1-Dec,4.5
303201-เชียงราย จ.เชียงราย,2-Jan,23.5
303201-เชียงราย จ.เชียงราย,2-Feb,39
303201-เชียงราย จ.เชียงราย,2-Mar,4.2
303201-เชียงราย จ.เชียงราย,2-Apr,75.8
303201-เชียงราย จ.เชียงราย,2-May,299.8
303201-เชียงราย จ.เชียงราย,2-Jun,119.2
303201-เชียงราย จ.เชียงราย,2-Jul,233.3
303201-เชียงราย จ.เชียงราย,2-Aug,383.7
303201-เชียงราย จ.เชียงราย,2-Sep,149
303201-เชียงราย จ.เชียงราย,2-Oct,149.5
303201-เชียงราย จ.เชียงราย,2-Nov,222.2
303201-เชียงราย จ.เชียงราย,2-Dec,53.4
303201-เชียงราย จ.เชียงราย,3-Jan,60.5
303201-เชียงราย จ.เชียงราย,3-Feb,35.7
303201-เชียงราย จ.เชียงราย,3-Mar,53.8
303201-เชียงราย จ.เชียงราย,3-Apr,58.5
303201-เชียงราย จ.เชียงราย,3-May,107
303201-เชียงราย จ.เชียงราย,3-Jun,142.8
303201-เชียงราย จ.เชียงราย,3-Jul,287.3
303201-เชียงราย จ.เชียงราย,3-Aug,235.3
303201-เชียงราย จ.เชียงราย,3-Sep,360.5
303201-เชียงราย จ.เชียงราย,3-Oct,62.7
303201-เชียงราย จ.เชียงราย,3-Nov,-
303201-เชียงราย จ.เชียงราย,3-Dec,-
303301-เชียงราย สกษ. จ.เชียงราย,Jan-98,0.5
303301-เชียงราย สกษ. จ.เชียงราย,Feb-98,-
303301-เชียงราย สกษ. จ.เชียงราย,Mar-98,1.5
303301-เชียงราย สกษ. จ.เชียงราย,Apr-98,88.1
303301-เชียงราย สกษ. จ.เชียงราย,May-98,206.5
303301-เชียงราย สกษ. จ.เชียงราย,Jun-98,294.2
303301-เชียงราย สกษ. จ.เชียงราย,Jul-98,196.4
303301-เชียงราย สกษ. จ.เชียงราย,Aug-98,507.5
303301-เชียงราย สกษ. จ.เชียงราย,Sep-98,241.3
303301-เชียงราย สกษ. จ.เชียงราย,Oct-98,36
303301-เชียงราย สกษ. จ.เชียงราย,Nov-98,71
303301-เชียงราย สกษ. จ.เชียงราย,Dec-98,0
303301-เชียงราย สกษ. จ.เชียงราย,Jan-99,57.6
303301-เชียงราย สกษ. จ.เชียงราย,Feb-99,24.5
303301-เชียงราย สกษ. จ.เชียงราย,Mar-99,30.3
303301-เชียงราย สกษ. จ.เชียงราย,Apr-99,115
303301-เชียงราย สกษ. จ.เชียงราย,May-99,227.8
303301-เชียงราย สกษ. จ.เชียงราย,Jun-99,199.2
303301-เชียงราย สกษ. จ.เชียงราย,Jul-99,213.2
303301-เชียงราย สกษ. จ.เชียงราย,Aug-99,380.9
303301-เชียงราย สกษ. จ.เชียงราย,Sep-99,175.9
303301-เชียงราย สกษ. จ.เชียงราย,Oct-99,128.8
303301-เชียงราย สกษ. จ.เชียงราย,Nov-99,80.7
303301-เชียงราย สกษ. จ.เชียงราย,Dec-99,29.2
303301-เชียงราย สกษ. จ.เชียงราย,Jan-00,0
303301-เชียงราย สกษ. จ.เชียงราย,Feb-00,68.1
303301-เชียงราย สกษ. จ.เชียงราย,Mar-00,78.2
303301-เชียงราย สกษ. จ.เชียงราย,Apr-00,140.9
303301-เชียงราย สกษ. จ.เชียงราย,May-00,259.3
303301-เชียงราย สกษ. จ.เชียงราย,Jun-00,257.6
303301-เชียงราย สกษ. จ.เชียงราย,Jul-00,392.2
303301-เชียงราย สกษ. จ.เชียงราย,Aug-00,297.5
303301-เชียงราย สกษ. จ.เชียงราย,Sep-00,217.4
303301-เชียงราย สกษ. จ.เชียงราย,Oct-00,68.2
303301-เชียงราย สกษ. จ.เชียงราย,Nov-00,3.5
303301-เชียงราย สกษ. จ.เชียงราย,Dec-00,12
303301-เชียงราย สกษ. จ.เชียงราย,1-Jan,3.1
303301-เชียงราย สกษ. จ.เชียงราย,1-Feb,-
303301-เชียงราย สกษ. จ.เชียงราย,1-Mar,126.4
303301-เชียงราย สกษ. จ.เชียงราย,1-Apr,30.5
303301-เชียงราย สกษ. จ.เชียงราย,1-May,339.6
303301-เชียงราย สกษ. จ.เชียงราย,1-Jun,146.6
303301-เชียงราย สกษ. จ.เชียงราย,1-Jul,413.5
303301-เชียงราย สกษ. จ.เชียงราย,1-Aug,254.9
303301-เชียงราย สกษ. จ.เชียงราย,1-Sep,345.4
303301-เชียงราย สกษ. จ.เชียงราย,1-Oct,168
303301-เชียงราย สกษ. จ.เชียงราย,1-Nov,6
303301-เชียงราย สกษ. จ.เชียงราย,1-Dec,1.5
303301-เชียงราย สกษ. จ.เชียงราย,2-Jan,12.9
303301-เชียงราย สกษ. จ.เชียงราย,2-Feb,54
303301-เชียงราย สกษ. จ.เชียงราย,2-Mar,23.3
303301-เชียงราย สกษ. จ.เชียงราย,2-Apr,36.6
303301-เชียงราย สกษ. จ.เชียงราย,2-May,381.9
303301-เชียงราย สกษ. จ.เชียงราย,2-Jun,151.4
303301-เชียงราย สกษ. จ.เชียงราย,2-Jul,150.2
303301-เชียงราย สกษ. จ.เชียงราย,2-Aug,257.3
303301-เชียงราย สกษ. จ.เชียงราย,2-Sep,237.1
303301-เชียงราย สกษ. จ.เชียงราย,2-Oct,82.5
303301-เชียงราย สกษ. จ.เชียงราย,2-Nov,239
303301-เชียงราย สกษ. จ.เชียงราย,2-Dec,24.7
303301-เชียงราย สกษ. จ.เชียงราย,3-Jan,69.5
303301-เชียงราย สกษ. จ.เชียงราย,3-Feb,35.1
303301-เชียงราย สกษ. จ.เชียงราย,3-Mar,63.2
303301-เชียงราย สกษ. จ.เชียงราย,3-Apr,26.2
303301-เชียงราย สกษ. จ.เชียงราย,3-May,107.5
303301-เชียงราย สกษ. จ.เชียงราย,3-Jun,146.2
303301-เชียงราย สกษ. จ.เชียงราย,3-Jul,260.3
303301-เชียงราย สกษ. จ.เชียงราย,3-Aug,265
303301-เชียงราย สกษ. จ.เชียงราย,3-Sep,433.3
303301-เชียงราย สกษ. จ.เชียงราย,3-Oct,11.6
303301-เชียงราย สกษ. จ.เชียงราย,3-Nov,0.4
303301-เชียงราย สกษ. จ.เชียงราย,3-Dec,-
310201-พะเยา จ.พะเยา,Jan-98,52.3
310201-พะเยา จ.พะเยา,Feb-98,-
310201-พะเยา จ.พะเยา,Mar-98,5.6
310201-พะเยา จ.พะเยา,Apr-98,84.5
310201-พะเยา จ.พะเยา,May-98,188.7
310201-พะเยา จ.พะเยา,Jun-98,144.2
310201-พะเยา จ.พะเยา,Jul-98,123.6
310201-พะเยา จ.พะเยา,Aug-98,189.6
310201-พะเยา จ.พะเยา,Sep-98,307.5
310201-พะเยา จ.พะเยา,Oct-98,48.2
310201-พะเยา จ.พะเยา,Nov-98,30
310201-พะเยา จ.พะเยา,Dec-98,-
310201-พะเยา จ.พะเยา,Jan-99,21.7
310201-พะเยา จ.พะเยา,Feb-99,27.8
310201-พะเยา จ.พะเยา,Mar-99,17.5
310201-พะเยา จ.พะเยา,Apr-99,222.7
310201-พะเยา จ.พะเยา,May-99,200
310201-พะเยา จ.พะเยา,Jun-99,175.2
310201-พะเยา จ.พะเยา,Jul-99,50.8
310201-พะเยา จ.พะเยา,Aug-99,191.9
310201-พะเยา จ.พะเยา,Sep-99,306.4
310201-พะเยา จ.พะเยา,Oct-99,247.1
310201-พะเยา จ.พะเยา,Nov-99,22.9
310201-พะเยา จ.พะเยา,Dec-99,28.6
310201-พะเยา จ.พะเยา,Jan-00,0.1
310201-พะเยา จ.พะเยา,Feb-00,88.7
310201-พะเยา จ.พะเยา,Mar-00,21.7
310201-พะเยา จ.พะเยา,Apr-00,99
310201-พะเยา จ.พะเยา,May-00,197.7
310201-พะเยา จ.พะเยา,Jun-00,134.4
310201-พะเยา จ.พะเยา,Jul-00,119.3
310201-พะเยา จ.พะเยา,Aug-00,117.2
310201-พะเยา จ.พะเยา,Sep-00,67.7
310201-พะเยา จ.พะเยา,Oct-00,96.7
310201-พะเยา จ.พะเยา,Nov-00,-
310201-พะเยา จ.พะเยา,Dec-00,-
310201-พะเยา จ.พะเยา,1-Jan,0.9
310201-พะเยา จ.พะเยา,1-Feb,-
310201-พะเยา จ.พะเยา,1-Mar,179.4
310201-พะเยา จ.พะเยา,1-Apr,1.8
310201-พะเยา จ.พะเยา,1-May,280.8
310201-พะเยา จ.พะเยา,1-Jun,81.4
310201-พะเยา จ.พะเยา,1-Jul,194.6
310201-พะเยา จ.พะเยา,1-Aug,413.8
310201-พะเยา จ.พะเยา,1-Sep,144.8
310201-พะเยา จ.พะเยา,1-Oct,222.3
310201-พะเยา จ.พะเยา,1-Nov,16.2
310201-พะเยา จ.พะเยา,1-Dec,14.9
310201-พะเยา จ.พะเยา,2-Jan,7
310201-พะเยา จ.พะเยา,2-Feb,4.2
310201-พะเยา จ.พะเยา,2-Mar,11.9
310201-พะเยา จ.พะเยา,2-Apr,55.7
310201-พะเยา จ.พะเยา,2-May,313.9
310201-พะเยา จ.พะเยา,2-Jun,108.7
310201-พะเยา จ.พะเยา,2-Jul,129.9
310201-พะเยา จ.พะเยา,2-Aug,246.3
310201-พะเยา จ.พะเยา,2-Sep,240.4
310201-พะเยา จ.พะเยา,2-Oct,37.9
310201-พะเยา จ.พะเยา,2-Nov,158.9
310201-พะเยา จ.พะเยา,2-Dec,64.9
310201-พะเยา จ.พะเยา,3-Jan,6.7
310201-พะเยา จ.พะเยา,3-Feb,-
310201-พะเยา จ.พะเยา,3-Mar,88.5
310201-พะเยา จ.พะเยา,3-Apr,41
310201-พะเยา จ.พะเยา,3-May,74.2
310201-พะเยา จ.พะเยา,3-Jun,135.9
310201-พะเยา จ.พะเยา,3-Jul,80.9
310201-พะเยา จ.พะเยา,3-Aug,188.7
310201-พะเยา จ.พะเยา,3-Sep,368.2
310201-พะเยา จ.พะเยา,3-Oct,47.2
310201-พะเยา จ.พะเยา,3-Nov,12.6
310201-พะเยา จ.พะเยา,3-Dec,-
327301-แม่โจ้ สกษ. จ.เชียงใหม่,Jan-98,14.7
327301-แม่โจ้ สกษ. จ.เชียงใหม่,Feb-98,-
327301-แม่โจ้ สกษ. จ.เชียงใหม่,Mar-98,0
327301-แม่โจ้ สกษ. จ.เชียงใหม่,Apr-98,7.9
327301-แม่โจ้ สกษ. จ.เชียงใหม่,May-98,116.2
327301-แม่โจ้ สกษ. จ.เชียงใหม่,Jun-98,58.5
327301-แม่โจ้ สกษ. จ.เชียงใหม่,Jul-98,183.3
327301-แม่โจ้ สกษ. จ.เชียงใหม่,Aug-98,145.3
327301-แม่โจ้ สกษ. จ.เชียงใหม่,Sep-98,132.9
327301-แม่โจ้ สกษ. จ.เชียงใหม่,Oct-98,73
327301-แม่โจ้ สกษ. จ.เชียงใหม่,Nov-98,33.4
327301-แม่โจ้ สกษ. จ.เชียงใหม่,Dec-98,0.6
327301-แม่โจ้ สกษ. จ.เชียงใหม่,Jan-99,6.6
327301-แม่โจ้ สกษ. จ.เชียงใหม่,Feb-99,71.6
327301-แม่โจ้ สกษ. จ.เชียงใหม่,Mar-99,26.8
327301-แม่โจ้ สกษ. จ.เชียงใหม่,Apr-99,67.9
327301-แม่โจ้ สกษ. จ.เชียงใหม่,May-99,364.5
327301-แม่โจ้ สกษ. จ.เชียงใหม่,Jun-99,82.3
327301-แม่โจ้ สกษ. จ.เชียงใหม่,Jul-99,97
327301-แม่โจ้ สกษ. จ.เชียงใหม่,Aug-99,155.4
327301-แม่โจ้ สกษ. จ.เชียงใหม่,Sep-99,160.3
327301-แม่โจ้ สกษ. จ.เชียงใหม่,Oct-99,99.6
327301-แม่โจ้ สกษ. จ.เชียงใหม่,Nov-99,15.4
327301-แม่โจ้ สกษ. จ.เชียงใหม่,Dec-99,5.2
327301-แม่โจ้ สกษ. จ.เชียงใหม่,Jan-00,-
327301-แม่โจ้ สกษ. จ.เชียงใหม่,Feb-00,12.1
327301-แม่โจ้ สกษ. จ.เชียงใหม่,Mar-00,89.9
327301-แม่โจ้ สกษ. จ.เชียงใหม่,Apr-00,83.3
327301-แม่โจ้ สกษ. จ.เชียงใหม่,May-00,143.7
327301-แม่โจ้ สกษ. จ.เชียงใหม่,Jun-00,140.2
327301-แม่โจ้ สกษ. จ.เชียงใหม่,Jul-00,61.7
327301-แม่โจ้ สกษ. จ.เชียงใหม่,Aug-00,107.3
327301-แม่โจ้ สกษ. จ.เชียงใหม่,Sep-00,164.2
327301-แม่โจ้ สกษ. จ.เชียงใหม่,Oct-00,282.1
327301-แม่โจ้ สกษ. จ.เชียงใหม่,Nov-00,-
327301-แม่โจ้ สกษ. จ.เชียงใหม่,Dec-00,12.5
327301-แม่โจ้ สกษ. จ.เชียงใหม่,1-Jan,-
327301-แม่โจ้ สกษ. จ.เชียงใหม่,1-Feb,-
327301-แม่โจ้ สกษ. จ.เชียงใหม่,1-Mar,60.4
327301-แม่โจ้ สกษ. จ.เชียงใหม่,1-Apr,4.3
327301-แม่โจ้ สกษ. จ.เชียงใหม่,1-May,256.9
327301-แม่โจ้ สกษ. จ.เชียงใหม่,1-Jun,73.5
327301-แม่โจ้ สกษ. จ.เชียงใหม่,1-Jul,228.8
327301-แม่โจ้ สกษ. จ.เชียงใหม่,1-Aug,280.6
327301-แม่โจ้ สกษ. จ.เชียงใหม่,1-Sep,98.6
327301-แม่โจ้ สกษ. จ.เชียงใหม่,1-Oct,146.6
327301-แม่โจ้ สกษ. จ.เชียงใหม่,1-Nov,8.6
327301-แม่โจ้ สกษ. จ.เชียงใหม่,1-Dec,16.1
327301-แม่โจ้ สกษ. จ.เชียงใหม่,2-Jan,12.9
327301-แม่โจ้ สกษ. จ.เชียงใหม่,2-Feb,16.6
327301-แม่โจ้ สกษ. จ.เชียงใหม่,2-Mar,1.4
327301-แม่โจ้ สกษ. จ.เชียงใหม่,2-Apr,14.1
327301-แม่โจ้ สกษ. จ.เชียงใหม่,2-May,244.8
327301-แม่โจ้ สกษ. จ.เชียงใหม่,2-Jun,112.3
327301-แม่โจ้ สกษ. จ.เชียงใหม่,2-Jul,105.9
327301-แม่โจ้ สกษ. จ.เชียงใหม่,2-Aug,173.4
327301-แม่โจ้ สกษ. จ.เชียงใหม่,2-Sep,341.2
327301-แม่โจ้ สกษ. จ.เชียงใหม่,2-Oct,74.5
327301-แม่โจ้ สกษ. จ.เชียงใหม่,2-Nov,245.6
327301-แม่โจ้ สกษ. จ.เชียงใหม่,2-Dec,34
327301-แม่โจ้ สกษ. จ.เชียงใหม่,3-Jan,23.1
327301-แม่โจ้ สกษ. จ.เชียงใหม่,3-Feb,-
327301-แม่โจ้ สกษ. จ.เชียงใหม่,3-Mar,43.3
327301-แม่โจ้ สกษ. จ.เชียงใหม่,3-Apr,74.7
327301-แม่โจ้ สกษ. จ.เชียงใหม่,3-May,85.4
327301-แม่โจ้ สกษ. จ.เชียงใหม่,3-Jun,166.7
327301-แม่โจ้ สกษ. จ.เชียงใหม่,3-Jul,56.8
327301-แม่โจ้ สกษ. จ.เชียงใหม่,3-Aug,192.6
327301-แม่โจ้ สกษ. จ.เชียงใหม่,3-Sep,238.1
327301-แม่โจ้ สกษ. จ.เชียงใหม่,3-Oct,20.2
327301-แม่โจ้ สกษ. จ.เชียงใหม่,3-Nov,2.8
327301-แม่โจ้ สกษ. จ.เชียงใหม่,3-Dec,-
327501-เชียงใหม่ จ.เชียงใหม่,Jan-98,14.6
327501-เชียงใหม่ จ.เชียงใหม่,Feb-98,-
327501-เชียงใหม่ จ.เชียงใหม่,Mar-98,-
327501-เชียงใหม่ จ.เชียงใหม่,Apr-98,11.5
327501-เชียงใหม่ จ.เชียงใหม่,May-98,181.3
327501-เชียงใหม่ จ.เชียงใหม่,Jun-98,66.4
327501-เชียงใหม่ จ.เชียงใหม่,Jul-98,101.3
327501-เชียงใหม่ จ.เชียงใหม่,Aug-98,201.6
327501-เชียงใหม่ จ.เชียงใหม่,Sep-98,128.8
327501-เชียงใหม่ จ.เชียงใหม่,Oct-98,33.3
327501-เชียงใหม่ จ.เชียงใหม่,Nov-98,16.9
327501-เชียงใหม่ จ.เชียงใหม่,Dec-98,0.2
327501-เชียงใหม่ จ.เชียงใหม่,Jan-99,31.7
327501-เชียงใหม่ จ.เชียงใหม่,Feb-99,66.4
327501-เชียงใหม่ จ.เชียงใหม่,Mar-99,22.6
327501-เชียงใหม่ จ.เชียงใหม่,Apr-99,31.3
327501-เชียงใหม่ จ.เชียงใหม่,May-99,330.8
327501-เชียงใหม่ จ.เชียงใหม่,Jun-99,94.9
327501-เชียงใหม่ จ.เชียงใหม่,Jul-99,105.8
327501-เชียงใหม่ จ.เชียงใหม่,Aug-99,150.4
327501-เชียงใหม่ จ.เชียงใหม่,Sep-99,164.9
327501-เชียงใหม่ จ.เชียงใหม่,Oct-99,104.4
327501-เชียงใหม่ จ.เชียงใหม่,Nov-99,35.7
327501-เชียงใหม่ จ.เชียงใหม่,Dec-99,2.6
327501-เชียงใหม่ จ.เชียงใหม่,Jan-00,-
327501-เชียงใหม่ จ.เชียงใหม่,Feb-00,57.4
327501-เชียงใหม่ จ.เชียงใหม่,Mar-00,41.2
327501-เชียงใหม่ จ.เชียงใหม่,Apr-00,107.7
327501-เชียงใหม่ จ.เชียงใหม่,May-00,189.5
327501-เชียงใหม่ จ.เชียงใหม่,Jun-00,180.5
327501-เชียงใหม่ จ.เชียงใหม่,Jul-00,68.3
327501-เชียงใหม่ จ.เชียงใหม่,Aug-00,147
327501-เชียงใหม่ จ.เชียงใหม่,Sep-00,132.3
327501-เชียงใหม่ จ.เชียงใหม่,Oct-00,195
327501-เชียงใหม่ จ.เชียงใหม่,Nov-00,10.1
327501-เชียงใหม่ จ.เชียงใหม่,Dec-00,4.1
327501-เชียงใหม่ จ.เชียงใหม่,1-Jan,-
327501-เชียงใหม่ จ.เชียงใหม่,1-Feb,-
327501-เชียงใหม่ จ.เชียงใหม่,1-Mar,75.4
327501-เชียงใหม่ จ.เชียงใหม่,1-Apr,22.8
327501-เชียงใหม่ จ.เชียงใหม่,1-May,171.6
327501-เชียงใหม่ จ.เชียงใหม่,1-Jun,107.8
327501-เชียงใหม่ จ.เชียงใหม่,1-Jul,167.6
327501-เชียงใหม่ จ.เชียงใหม่,1-Aug,330.9
327501-เชียงใหม่ จ.เชียงใหม่,1-Sep,129.1
327501-เชียงใหม่ จ.เชียงใหม่,1-Oct,176.4
327501-เชียงใหม่ จ.เชียงใหม่,1-Nov,21.5
327501-เชียงใหม่ จ.เชียงใหม่,1-Dec,17.3
327501-เชียงใหม่ จ.เชียงใหม่,2-Jan,9
327501-เชียงใหม่ จ.เชียงใหม่,2-Feb,9.9
327501-เชียงใหม่ จ.เชียงใหม่,2-Mar,1.4
327501-เชียงใหม่ จ.เชียงใหม่,2-Apr,11.2
327501-เชียงใหม่ จ.เชียงใหม่,2-May,221.8
327501-เชียงใหม่ จ.เชียงใหม่,2-Jun,123.8
327501-เชียงใหม่ จ.เชียงใหม่,2-Jul,77
327501-เชียงใหม่ จ.เชียงใหม่,2-Aug,254.7
327501-เชียงใหม่ จ.เชียงใหม่,2-Sep,309.7
327501-เชียงใหม่ จ.เชียงใหม่,2-Oct,145.2
327501-เชียงใหม่ จ.เชียงใหม่,2-Nov,332.3
327501-เชียงใหม่ จ.เชียงใหม่,2-Dec,116.3
327501-เชียงใหม่ จ.เชียงใหม่,3-Jan,17.6
327501-เชียงใหม่ จ.เชียงใหม่,3-Feb,-
327501-เชียงใหม่ จ.เชียงใหม่,3-Mar,53.5
327501-เชียงใหม่ จ.เชียงใหม่,3-Apr,41.2
327501-เชียงใหม่ จ.เชียงใหม่,3-May,141.4
327501-เชียงใหม่ จ.เชียงใหม่,3-Jun,92
327501-เชียงใหม่ จ.เชียงใหม่,3-Jul,52.4
327501-เชียงใหม่ จ.เชียงใหม่,3-Aug,156.8
327501-เชียงใหม่ จ.เชียงใหม่,3-Sep,315.8
327501-เชียงใหม่ จ.เชียงใหม่,3-Oct,12.8
327501-เชียงใหม่ จ.เชียงใหม่,3-Nov,6.1
327501-เชียงใหม่ จ.เชียงใหม่,3-Dec,-
328201-ลำปาง จ.ลำปาง,Jan-98,-
328201-ลำปาง จ.ลำปาง,Feb-98,-
328201-ลำปาง จ.ลำปาง,Mar-98,5.4
328201-ลำปาง จ.ลำปาง,Apr-98,9.2
328201-ลำปาง จ.ลำปาง,May-98,177.6
328201-ลำปาง จ.ลำปาง,Jun-98,180.8
328201-ลำปาง จ.ลำปาง,Jul-98,156.7
328201-ลำปาง จ.ลำปาง,Aug-98,136.5
328201-ลำปาง จ.ลำปาง,Sep-98,172.8
328201-ลำปาง จ.ลำปาง,Oct-98,11.9
328201-ลำปาง จ.ลำปาง,Nov-98,43.4
328201-ลำปาง จ.ลำปาง,Dec-98,0.1
328201-ลำปาง จ.ลำปาง,Jan-99,0.7
328201-ลำปาง จ.ลำปาง,Feb-99,14.4
328201-ลำปาง จ.ลำปาง,Mar-99,35.4
328201-ลำปาง จ.ลำปาง,Apr-99,144.3
328201-ลำปาง จ.ลำปาง,May-99,101.5
328201-ลำปาง จ.ลำปาง,Jun-99,84.8
328201-ลำปาง จ.ลำปาง,Jul-99,68.6
328201-ลำปาง จ.ลำปาง,Aug-99,172.3
328201-ลำปาง จ.ลำปาง,Sep-99,278.5
328201-ลำปาง จ.ลำปาง,Oct-99,136.9
328201-ลำปาง จ.ลำปาง,Nov-99,37.8
328201-ลำปาง จ.ลำปาง,Dec-99,5.9
328201-ลำปาง จ.ลำปาง,Jan-00,-
328201-ลำปาง จ.ลำปาง,Feb-00,38.3
328201-ลำปาง จ.ลำปาง,Mar-00,2.1
328201-ลำปาง จ.ลำปาง,Apr-00,84
328201-ลำปาง จ.ลำปาง,May-00,231.9
328201-ลำปาง จ.ลำปาง,Jun-00,114.5
328201-ลำปาง จ.ลำปาง,Jul-00,153
328201-ลำปาง จ.ลำปาง,Aug-00,168.1
328201-ลำปาง จ.ลำปาง,Sep-00,185.5
328201-ลำปาง จ.ลำปาง,Oct-00,78.3
328201-ลำปาง จ.ลำปาง,Nov-00,0.3
328201-ลำปาง จ.ลำปาง,Dec-00,-
328201-ลำปาง จ.ลำปาง,1-Jan,1.7
328201-ลำปาง จ.ลำปาง,1-Feb,-
328201-ลำปาง จ.ลำปาง,1-Mar,98.4
328201-ลำปาง จ.ลำปาง,1-Apr,4.6
328201-ลำปาง จ.ลำปาง,1-May,239.4
328201-ลำปาง จ.ลำปาง,1-Jun,96.1
328201-ลำปาง จ.ลำปาง,1-Jul,123.1
328201-ลำปาง จ.ลำปาง,1-Aug,202
328201-ลำปาง จ.ลำปาง,1-Sep,155.9
328201-ลำปาง จ.ลำปาง,1-Oct,179.2
328201-ลำปาง จ.ลำปาง,1-Nov,4.6
328201-ลำปาง จ.ลำปาง,1-Dec,-
328201-ลำปาง จ.ลำปาง,2-Jan,12.1
328201-ลำปาง จ.ลำปาง,2-Feb,5.9
328201-ลำปาง จ.ลำปาง,2-Mar,18.7
328201-ลำปาง จ.ลำปาง,2-Apr,55.3
328201-ลำปาง จ.ลำปาง,2-May,231.1
328201-ลำปาง จ.ลำปาง,2-Jun,51.1
328201-ลำปาง จ.ลำปาง,2-Jul,112.7
328201-ลำปาง จ.ลำปาง,2-Aug,316.6
328201-ลำปาง จ.ลำปาง,2-Sep,214
328201-ลำปาง จ.ลำปาง,2-Oct,80.8
328201-ลำปาง จ.ลำปาง,2-Nov,93.8
328201-ลำปาง จ.ลำปาง,2-Dec,13.1
328201-ลำปาง จ.ลำปาง,3-Jan,2
328201-ลำปาง จ.ลำปาง,3-Feb,1.8
328201-ลำปาง จ.ลำปาง,3-Mar,21.6
328201-ลำปาง จ.ลำปาง,3-Apr,121.4
328201-ลำปาง จ.ลำปาง,3-May,79.8
328201-ลำปาง จ.ลำปาง,3-Jun,74.5
328201-ลำปาง จ.ลำปาง,3-Jul,139.1
328201-ลำปาง จ.ลำปาง,3-Aug,79.1
328201-ลำปาง จ.ลำปาง,3-Sep,329.3
328201-ลำปาง จ.ลำปาง,3-Oct,53
328201-ลำปาง จ.ลำปาง,3-Nov,-
328201-ลำปาง จ.ลำปาง,3-Dec,-
328301-ลำปาง สกษ. จ.ลำปาง,Jan-98,T
328301-ลำปาง สกษ. จ.ลำปาง,Feb-98,-
328301-ลำปาง สกษ. จ.ลำปาง,Mar-98,16.1
328301-ลำปาง สกษ. จ.ลำปาง,Apr-98,37.5
328301-ลำปาง สกษ. จ.ลำปาง,May-98,160
328301-ลำปาง สกษ. จ.ลำปาง,Jun-98,180.8
328301-ลำปาง สกษ. จ.ลำปาง,Jul-98,179
328301-ลำปาง สกษ. จ.ลำปาง,Aug-98,168
328301-ลำปาง สกษ. จ.ลำปาง,Sep-98,118.9
328301-ลำปาง สกษ. จ.ลำปาง,Oct-98,27.5
328301-ลำปาง สกษ. จ.ลำปาง,Nov-98,46.6
328301-ลำปาง สกษ. จ.ลำปาง,Dec-98,0.3
328301-ลำปาง สกษ. จ.ลำปาง,Jan-99,1.5
328301-ลำปาง สกษ. จ.ลำปาง,Feb-99,8.6
328301-ลำปาง สกษ. จ.ลำปาง,Mar-99,42
328301-ลำปาง สกษ. จ.ลำปาง,Apr-99,171.8
328301-ลำปาง สกษ. จ.ลำปาง,May-99,186.3
328301-ลำปาง สกษ. จ.ลำปาง,Jun-99,172.1
328301-ลำปาง สกษ. จ.ลำปาง,Jul-99,77.3
328301-ลำปาง สกษ. จ.ลำปาง,Aug-99,151.4
328301-ลำปาง สกษ. จ.ลำปาง,Sep-99,248.2
328301-ลำปาง สกษ. จ.ลำปาง,Oct-99,182.3
328301-ลำปาง สกษ. จ.ลำปาง,Nov-99,34.6
328301-ลำปาง สกษ. จ.ลำปาง,Dec-99,9.6
328301-ลำปาง สกษ. จ.ลำปาง,Jan-00,-
328301-ลำปาง สกษ. จ.ลำปาง,Feb-00,11.8
328301-ลำปาง สกษ. จ.ลำปาง,Mar-00,5.6
328301-ลำปาง สกษ. จ.ลำปาง,Apr-00,70.5
328301-ลำปาง สกษ. จ.ลำปาง,May-00,270.2
328301-ลำปาง สกษ. จ.ลำปาง,Jun-00,185.8
328301-ลำปาง สกษ. จ.ลำปาง,Jul-00,118.7
328301-ลำปาง สกษ. จ.ลำปาง,Aug-00,217.9
328301-ลำปาง สกษ. จ.ลำปาง,Sep-00,272.2
328301-ลำปาง สกษ. จ.ลำปาง,Oct-00,115.1
328301-ลำปาง สกษ. จ.ลำปาง,Nov-00,-
328301-ลำปาง สกษ. จ.ลำปาง,Dec-00,-
328301-ลำปาง สกษ. จ.ลำปาง,1-Jan,0.2
328301-ลำปาง สกษ. จ.ลำปาง,1-Feb,-
328301-ลำปาง สกษ. จ.ลำปาง,1-Mar,114.8
328301-ลำปาง สกษ. จ.ลำปาง,1-Apr,7.4
328301-ลำปาง สกษ. จ.ลำปาง,1-May,221.6
328301-ลำปาง สกษ. จ.ลำปาง,1-Jun,61.5
328301-ลำปาง สกษ. จ.ลำปาง,1-Jul,210.4
328301-ลำปาง สกษ. จ.ลำปาง,1-Aug,196.5
328301-ลำปาง สกษ. จ.ลำปาง,1-Sep,169.1
328301-ลำปาง สกษ. จ.ลำปาง,1-Oct,301.8
328301-ลำปาง สกษ. จ.ลำปาง,1-Nov,1
328301-ลำปาง สกษ. จ.ลำปาง,1-Dec,-
328301-ลำปาง สกษ. จ.ลำปาง,2-Jan,19.3
328301-ลำปาง สกษ. จ.ลำปาง,2-Feb,1.9
328301-ลำปาง สกษ. จ.ลำปาง,2-Mar,19.6
328301-ลำปาง สกษ. จ.ลำปาง,2-Apr,24.6
328301-ลำปาง สกษ. จ.ลำปาง,2-May,223.3
328301-ลำปาง สกษ. จ.ลำปาง,2-Jun,58.8
328301-ลำปาง สกษ. จ.ลำปาง,2-Jul,137
328301-ลำปาง สกษ. จ.ลำปาง,2-Aug,232.8
328301-ลำปาง สกษ. จ.ลำปาง,2-Sep,351.2
328301-ลำปาง สกษ. จ.ลำปาง,2-Oct,87.9
328301-ลำปาง สกษ. จ.ลำปาง,2-Nov,119.5
328301-ลำปาง สกษ. จ.ลำปาง,2-Dec,-
328301-ลำปาง สกษ. จ.ลำปาง,3-Jan,0.8
328301-ลำปาง สกษ. จ.ลำปาง,3-Feb,36.6
328301-ลำปาง สกษ. จ.ลำปาง,3-Mar,71.3
328301-ลำปาง สกษ. จ.ลำปาง,3-Apr,111.8
328301-ลำปาง สกษ. จ.ลำปาง,3-May,121.5
328301-ลำปาง สกษ. จ.ลำปาง,3-Jun,148.5
328301-ลำปาง สกษ. จ.ลำปาง,3-Jul,217.9
328301-ลำปาง สกษ. จ.ลำปาง,3-Aug,101.1
328301-ลำปาง สกษ. จ.ลำปาง,3-Sep,186.3
328301-ลำปาง สกษ. จ.ลำปาง,3-Oct,19.4
328301-ลำปาง สกษ. จ.ลำปาง,3-Nov,-
328301-ลำปาง สกษ. จ.ลำปาง,3-Dec,-
329201-ลำพูน จ.ลำพูน,Jan-98,13.6
329201-ลำพูน จ.ลำพูน,Feb-98,-
329201-ลำพูน จ.ลำพูน,Mar-98,1.6
329201-ลำพูน จ.ลำพูน,Apr-98,10.2
329201-ลำพูน จ.ลำพูน,May-98,115.5
329201-ลำพูน จ.ลำพูน,Jun-98,49.8
329201-ลำพูน จ.ลำพูน,Jul-98,79.4
329201-ลำพูน จ.ลำพูน,Aug-98,178.6
329201-ลำพูน จ.ลำพูน,Sep-98,134
329201-ลำพูน จ.ลำพูน,Oct-98,20.4
329201-ลำพูน จ.ลำพูน,Nov-98,39.1
329201-ลำพูน จ.ลำพูน,Dec-98,-
329201-ลำพูน จ.ลำพูน,Jan-99,8.3
329201-ลำพูน จ.ลำพูน,Feb-99,14.7
329201-ลำพูน จ.ลำพูน,Mar-99,53.3
329201-ลำพูน จ.ลำพูน,Apr-99,60.2
329201-ลำพูน จ.ลำพูน,May-99,231.1
329201-ลำพูน จ.ลำพูน,Jun-99,103.5
329201-ลำพูน จ.ลำพูน,Jul-99,56.3
329201-ลำพูน จ.ลำพูน,Aug-99,167.3
329201-ลำพูน จ.ลำพูน,Sep-99,183
329201-ลำพูน จ.ลำพูน,Oct-99,110.8
329201-ลำพูน จ.ลำพูน,Nov-99,54.2
329201-ลำพูน จ.ลำพูน,Dec-99,5.4
329201-ลำพูน จ.ลำพูน,Jan-00,-
329201-ลำพูน จ.ลำพูน,Feb-00,32.7
329201-ลำพูน จ.ลำพูน,Mar-00,32.2
329201-ลำพูน จ.ลำพูน,Apr-00,90.4
329201-ลำพูน จ.ลำพูน,May-00,210.2
329201-ลำพูน จ.ลำพูน,Jun-00,169.6
329201-ลำพูน จ.ลำพูน,Jul-00,84.3
329201-ลำพูน จ.ลำพูน,Aug-00,119.3
329201-ลำพูน จ.ลำพูน,Sep-00,149.6
329201-ลำพูน จ.ลำพูน,Oct-00,115.5
329201-ลำพูน จ.ลำพูน,Nov-00,1.6
329201-ลำพูน จ.ลำพูน,Dec-00,5.8
329201-ลำพูน จ.ลำพูน,1-Jan,-
329201-ลำพูน จ.ลำพูน,1-Feb,-
329201-ลำพูน จ.ลำพูน,1-Mar,53.1
329201-ลำพูน จ.ลำพูน,1-Apr,1.6
329201-ลำพูน จ.ลำพูน,1-May,219.4
329201-ลำพูน จ.ลำพูน,1-Jun,63.9
329201-ลำพูน จ.ลำพูน,1-Jul,131.9
329201-ลำพูน จ.ลำพูน,1-Aug,244
329201-ลำพูน จ.ลำพูน,1-Sep,204.2
329201-ลำพูน จ.ลำพูน,1-Oct,170.9
329201-ลำพูน จ.ลำพูน,1-Nov,14.9
329201-ลำพูน จ.ลำพูน,1-Dec,4.9
329201-ลำพูน จ.ลำพูน,2-Jan,0.2
329201-ลำพูน จ.ลำพูน,2-Feb,5
329201-ลำพูน จ.ลำพูน,2-Mar,5.2
329201-ลำพูน จ.ลำพูน,2-Apr,5
329201-ลำพูน จ.ลำพูน,2-May,208.2
329201-ลำพูน จ.ลำพูน,2-Jun,73.9
329201-ลำพูน จ.ลำพูน,2-Jul,48.9
329201-ลำพูน จ.ลำพูน,2-Aug,371.8
329201-ลำพูน จ.ลำพูน,2-Sep,316.1
329201-ลำพูน จ.ลำพูน,2-Oct,69.3
329201-ลำพูน จ.ลำพูน,2-Nov,178.9
329201-ลำพูน จ.ลำพูน,2-Dec,37.4
329201-ลำพูน จ.ลำพูน,3-Jan,7.3
329201-ลำพูน จ.ลำพูน,3-Feb,-
329201-ลำพูน จ.ลำพูน,3-Mar,2.9
329201-ลำพูน จ.ลำพูน,3-Apr,30.4
329201-ลำพูน จ.ลำพูน,3-May,74
329201-ลำพูน จ.ลำพูน,3-Jun,195.5
329201-ลำพูน จ.ลำพูน,3-Jul,110.5
329201-ลำพูน จ.ลำพูน,3-Aug,136.3
329201-ลำพูน จ.ลำพูน,3-Sep,193.2
329201-ลำพูน จ.ลำพูน,3-Oct,37.4
329201-ลำพูน จ.ลำพูน,3-Nov,35.7
329201-ลำพูน จ.ลำพูน,3-Dec,-
330201-แพร่ จ.แพร่,Jan-98,-
330201-แพร่ จ.แพร่,Feb-98,-
330201-แพร่ จ.แพร่,Mar-98,36.7
330201-แพร่ จ.แพร่,Apr-98,163.7
330201-แพร่ จ.แพร่,May-98,189.2
330201-แพร่ จ.แพร่,Jun-98,88.7
330201-แพร่ จ.แพร่,Jul-98,141.9
330201-แพร่ จ.แพร่,Aug-98,147.9
330201-แพร่ จ.แพร่,Sep-98,272.2
330201-แพร่ จ.แพร่,Oct-98,70.2
330201-แพร่ จ.แพร่,Nov-98,18
330201-แพร่ จ.แพร่,Dec-98,-
330201-แพร่ จ.แพร่,Jan-99,22.5
330201-แพร่ จ.แพร่,Feb-99,33.2
330201-แพร่ จ.แพร่,Mar-99,4.7
330201-แพร่ จ.แพร่,Apr-99,158.3
330201-แพร่ จ.แพร่,May-99,105.1
330201-แพร่ จ.แพร่,Jun-99,115.1
330201-แพร่ จ.แพร่,Jul-99,102.4
330201-แพร่ จ.แพร่,Aug-99,155.1
330201-แพร่ จ.แพร่,Sep-99,191.9
330201-แพร่ จ.แพร่,Oct-99,137.9
330201-แพร่ จ.แพร่,Nov-99,18.4
330201-แพร่ จ.แพร่,Dec-99,5.9
330201-แพร่ จ.แพร่,Jan-00,-
330201-แพร่ จ.แพร่,Feb-00,31.8
330201-แพร่ จ.แพร่,Mar-00,17.9
330201-แพร่ จ.แพร่,Apr-00,30.7
330201-แพร่ จ.แพร่,May-00,230.7
330201-แพร่ จ.แพร่,Jun-00,169.2
330201-แพร่ จ.แพร่,Jul-00,112
330201-แพร่ จ.แพร่,Aug-00,132.8
330201-แพร่ จ.แพร่,Sep-00,237.8
330201-แพร่ จ.แพร่,Oct-00,71.6
330201-แพร่ จ.แพร่,Nov-00,0.5
330201-แพร่ จ.แพร่,Dec-00,-
330201-แพร่ จ.แพร่,1-Jan,6.3
330201-แพร่ จ.แพร่,1-Feb,-
330201-แพร่ จ.แพร่,1-Mar,221.6
330201-แพร่ จ.แพร่,1-Apr,24.1
330201-แพร่ จ.แพร่,1-May,209.7
330201-แพร่ จ.แพร่,1-Jun,82.6
330201-แพร่ จ.แพร่,1-Jul,210.3
330201-แพร่ จ.แพร่,1-Aug,396.9
330201-แพร่ จ.แพร่,1-Sep,121
330201-แพร่ จ.แพร่,1-Oct,185.8
330201-แพร่ จ.แพร่,1-Nov,2.7
330201-แพร่ จ.แพร่,1-Dec,0.5
330201-แพร่ จ.แพร่,2-Jan,4.5
330201-แพร่ จ.แพร่,2-Feb,-
330201-แพร่ จ.แพร่,2-Mar,14.7
330201-แพร่ จ.แพร่,2-Apr,8.3
330201-แพร่ จ.แพร่,2-May,252.9
330201-แพร่ จ.แพร่,2-Jun,103
330201-แพร่ จ.แพร่,2-Jul,122.3
330201-แพร่ จ.แพร่,2-Aug,426.3
330201-แพร่ จ.แพร่,2-Sep,171.8
330201-แพร่ จ.แพร่,2-Oct,118.2
330201-แพร่ จ.แพร่,2-Nov,97.7
330201-แพร่ จ.แพร่,2-Dec,16
330201-แพร่ จ.แพร่,3-Jan,5.1
330201-แพร่ จ.แพร่,3-Feb,1
330201-แพร่ จ.แพร่,3-Mar,56.7
330201-แพร่ จ.แพร่,3-Apr,26.7
330201-แพร่ จ.แพร่,3-May,130.9
330201-แพร่ จ.แพร่,3-Jun,177.2
330201-แพร่ จ.แพร่,3-Jul,195.1
330201-แพร่ จ.แพร่,3-Aug,113.5
330201-แพร่ จ.แพร่,3-Sep,196.7
330201-แพร่ จ.แพร่,3-Oct,3.2
330201-แพร่ จ.แพร่,3-Nov,-
330201-แพร่ จ.แพร่,3-Dec,-
331201-น่าน จ.น่าน,Jan-98,3.6
331201-น่าน จ.น่าน,Feb-98,2
331201-น่าน จ.น่าน,Mar-98,46.1
331201-น่าน จ.น่าน,Apr-98,92.2
331201-น่าน จ.น่าน,May-98,159.6
331201-น่าน จ.น่าน,Jun-98,156.6
331201-น่าน จ.น่าน,Jul-98,136.8
331201-น่าน จ.น่าน,Aug-98,331.9
331201-น่าน จ.น่าน,Sep-98,259
331201-น่าน จ.น่าน,Oct-98,77
331201-น่าน จ.น่าน,Nov-98,14.8
331201-น่าน จ.น่าน,Dec-98,-
331201-น่าน จ.น่าน,Jan-99,-
331201-น่าน จ.น่าน,Feb-99,-
331201-น่าน จ.น่าน,Mar-99,59.1
331201-น่าน จ.น่าน,Apr-99,119.1
331201-น่าน จ.น่าน,May-99,117.1
331201-น่าน จ.น่าน,Jun-99,127
331201-น่าน จ.น่าน,Jul-99,61.8
331201-น่าน จ.น่าน,Aug-99,472.5
331201-น่าน จ.น่าน,Sep-99,426.3
331201-น่าน จ.น่าน,Oct-99,76.6
331201-น่าน จ.น่าน,Nov-99,31.5
331201-น่าน จ.น่าน,Dec-99,12.6
331201-น่าน จ.น่าน,Jan-00,0.1
331201-น่าน จ.น่าน,Feb-00,21.3
331201-น่าน จ.น่าน,Mar-00,3.3
331201-น่าน จ.น่าน,Apr-00,48.7
331201-น่าน จ.น่าน,May-00,331.6
331201-น่าน จ.น่าน,Jun-00,173.9
331201-น่าน จ.น่าน,Jul-00,239.7
331201-น่าน จ.น่าน,Aug-00,336.4
331201-น่าน จ.น่าน,Sep-00,187
331201-น่าน จ.น่าน,Oct-00,117
331201-น่าน จ.น่าน,Nov-00,1.4
331201-น่าน จ.น่าน,Dec-00,-
331201-น่าน จ.น่าน,1-Jan,0.9
331201-น่าน จ.น่าน,1-Feb,-
331201-น่าน จ.น่าน,1-Mar,165.7
331201-น่าน จ.น่าน,1-Apr,53.5
331201-น่าน จ.น่าน,1-May,198.2
331201-น่าน จ.น่าน,1-Jun,169.1
331201-น่าน จ.น่าน,1-Jul,296.7
331201-น่าน จ.น่าน,1-Aug,385.2
331201-น่าน จ.น่าน,1-Sep,164.1
331201-น่าน จ.น่าน,1-Oct,90.9
331201-น่าน จ.น่าน,1-Nov,-
331201-น่าน จ.น่าน,1-Dec,-
331201-น่าน จ.น่าน,2-Jan,12.1
331201-น่าน จ.น่าน,2-Feb,-
331201-น่าน จ.น่าน,2-Mar,21.2
331201-น่าน จ.น่าน,2-Apr,44.1
331201-น่าน จ.น่าน,2-May,409.6
331201-น่าน จ.น่าน,2-Jun,124.2
331201-น่าน จ.น่าน,2-Jul,161.3
331201-น่าน จ.น่าน,2-Aug,227.7
331201-น่าน จ.น่าน,2-Sep,358.5
331201-น่าน จ.น่าน,2-Oct,72.3
331201-น่าน จ.น่าน,2-Nov,48.9
331201-น่าน จ.น่าน,2-Dec,39
331201-น่าน จ.น่าน,3-Jan,7
331201-น่าน จ.น่าน,3-Feb,8.8
331201-น่าน จ.น่าน,3-Mar,98.8
331201-น่าน จ.น่าน,3-Apr,26.2
331201-น่าน จ.น่าน,3-May,173.8
331201-น่าน จ.น่าน,3-Jun,205.8
331201-น่าน จ.น่าน,3-Jul,192.3
331201-น่าน จ.น่าน,3-Aug,282.7
331201-น่าน จ.น่าน,3-Sep,185.4
331201-น่าน จ.น่าน,3-Oct,19.2
331201-น่าน จ.น่าน,3-Nov,-
331201-น่าน จ.น่าน,3-Dec,-
331301-น่าน สกษ. จ.น่าน,Jan-98,12.7
331301-น่าน สกษ. จ.น่าน,Feb-98,0.5
331301-น่าน สกษ. จ.น่าน,Mar-98,17.4
331301-น่าน สกษ. จ.น่าน,Apr-98,67.1
331301-น่าน สกษ. จ.น่าน,May-98,179.2
331301-น่าน สกษ. จ.น่าน,Jun-98,184.7
331301-น่าน สกษ. จ.น่าน,Jul-98,195.3
331301-น่าน สกษ. จ.น่าน,Aug-98,255.8
331301-น่าน สกษ. จ.น่าน,Sep-98,204.8
331301-น่าน สกษ. จ.น่าน,Oct-98,39.9
331301-น่าน สกษ. จ.น่าน,Nov-98,13.1
331301-น่าน สกษ. จ.น่าน,Dec-98,-
331301-น่าน สกษ. จ.น่าน,Jan-99,2.7
331301-น่าน สกษ. จ.น่าน,Feb-99,-
331301-น่าน สกษ. จ.น่าน,Mar-99,64.3
331301-น่าน สกษ. จ.น่าน,Apr-99,116.2
331301-น่าน สกษ. จ.น่าน,May-99,142.5
331301-น่าน สกษ. จ.น่าน,Jun-99,136
331301-น่าน สกษ. จ.น่าน,Jul-99,86.6
331301-น่าน สกษ. จ.น่าน,Aug-99,327.3
331301-น่าน สกษ. จ.น่าน,Sep-99,297.5
331301-น่าน สกษ. จ.น่าน,Oct-99,93.3
331301-น่าน สกษ. จ.น่าน,Nov-99,77.8
331301-น่าน สกษ. จ.น่าน,Dec-99,9.3
331301-น่าน สกษ. จ.น่าน,Jan-00,-
331301-น่าน สกษ. จ.น่าน,Feb-00,9.6
331301-น่าน สกษ. จ.น่าน,Mar-00,3
331301-น่าน สกษ. จ.น่าน,Apr-00,104.2
331301-น่าน สกษ. จ.น่าน,May-00,289.5
331301-น่าน สกษ. จ.น่าน,Jun-00,149.7
331301-น่าน สกษ. จ.น่าน,Jul-00,238.6
331301-น่าน สกษ. จ.น่าน,Aug-00,288.4
331301-น่าน สกษ. จ.น่าน,Sep-00,272.4
331301-น่าน สกษ. จ.น่าน,Oct-00,121.4
331301-น่าน สกษ. จ.น่าน,Nov-00,0.5
331301-น่าน สกษ. จ.น่าน,Dec-00,-
331301-น่าน สกษ. จ.น่าน,1-Jan,2.6
331301-น่าน สกษ. จ.น่าน,1-Feb,-
331301-น่าน สกษ. จ.น่าน,1-Mar,160.3
331301-น่าน สกษ. จ.น่าน,1-Apr,81.6
331301-น่าน สกษ. จ.น่าน,1-May,209.2
331301-น่าน สกษ. จ.น่าน,1-Jun,238.1
331301-น่าน สกษ. จ.น่าน,1-Jul,319
331301-น่าน สกษ. จ.น่าน,1-Aug,450
331301-น่าน สกษ. จ.น่าน,1-Sep,211.5
331301-น่าน สกษ. จ.น่าน,1-Oct,100.4
331301-น่าน สกษ. จ.น่าน,1-Nov,0.1
331301-น่าน สกษ. จ.น่าน,1-Dec,T
331301-น่าน สกษ. จ.น่าน,2-Jan,3.3
331301-น่าน สกษ. จ.น่าน,2-Feb,0
331301-น่าน สกษ. จ.น่าน,2-Mar,24.6
331301-น่าน สกษ. จ.น่าน,2-Apr,114.5
331301-น่าน สกษ. จ.น่าน,2-May,471.9
331301-น่าน สกษ. จ.น่าน,2-Jun,133.8
331301-น่าน สกษ. จ.น่าน,2-Jul,195.9
331301-น่าน สกษ. จ.น่าน,2-Aug,165.4
331301-น่าน สกษ. จ.น่าน,2-Sep,252.2
331301-น่าน สกษ. จ.น่าน,2-Oct,46.8
331301-น่าน สกษ. จ.น่าน,2-Nov,64.4
331301-น่าน สกษ. จ.น่าน,2-Dec,47.4
331301-น่าน สกษ. จ.น่าน,3-Jan,4.8
331301-น่าน สกษ. จ.น่าน,3-Feb,0.5
331301-น่าน สกษ. จ.น่าน,3-Mar,76.9
331301-น่าน สกษ. จ.น่าน,3-Apr,24
331301-น่าน สกษ. จ.น่าน,3-May,113.9
331301-น่าน สกษ. จ.น่าน,3-Jun,153.2
331301-น่าน สกษ. จ.น่าน,3-Jul,192.7
331301-น่าน สกษ. จ.น่าน,3-Aug,287.5
331301-น่าน สกษ. จ.น่าน,3-Sep,262.1
331301-น่าน สกษ. จ.น่าน,3-Oct,11.3
331301-น่าน สกษ. จ.น่าน,3-Nov,-
331301-น่าน สกษ. จ.น่าน,3-Dec,-
331401-ท่าวังผา จ.น่าน,Jan-98,17.1
331401-ท่าวังผา จ.น่าน,Feb-98,1
331401-ท่าวังผา จ.น่าน,Mar-98,42.2
331401-ท่าวังผา จ.น่าน,Apr-98,83.3
331401-ท่าวังผา จ.น่าน,May-98,109.1
331401-ท่าวังผา จ.น่าน,Jun-98,143
331401-ท่าวังผา จ.น่าน,Jul-98,201.3
331401-ท่าวังผา จ.น่าน,Aug-98,212
331401-ท่าวังผา จ.น่าน,Sep-98,284.3
331401-ท่าวังผา จ.น่าน,Oct-98,21.3
331401-ท่าวังผา จ.น่าน,Nov-98,11.3
331401-ท่าวังผา จ.น่าน,Dec-98,10.9
331401-ท่าวังผา จ.น่าน,Jan-99,6.8
331401-ท่าวังผา จ.น่าน,Feb-99,4.1
331401-ท่าวังผา จ.น่าน,Mar-99,45.2
331401-ท่าวังผา จ.น่าน,Apr-99,102.1
331401-ท่าวังผา จ.น่าน,May-99,199.5
331401-ท่าวังผา จ.น่าน,Jun-99,280.1
331401-ท่าวังผา จ.น่าน,Jul-99,188
331401-ท่าวังผา จ.น่าน,Aug-99,208.5
331401-ท่าวังผา จ.น่าน,Sep-99,222.8
331401-ท่าวังผา จ.น่าน,Oct-99,87.7
331401-ท่าวังผา จ.น่าน,Nov-99,21.2
331401-ท่าวังผา จ.น่าน,Dec-99,12.6
331401-ท่าวังผา จ.น่าน,Jan-00,-
331401-ท่าวังผา จ.น่าน,Feb-00,29.6
331401-ท่าวังผา จ.น่าน,Mar-00,1.9
331401-ท่าวังผา จ.น่าน,Apr-00,68.3
331401-ท่าวังผา จ.น่าน,May-00,241.1
331401-ท่าวังผา จ.น่าน,Jun-00,356.5
331401-ท่าวังผา จ.น่าน,Jul-00,270.1
331401-ท่าวังผา จ.น่าน,Aug-00,212.1
331401-ท่าวังผา จ.น่าน,Sep-00,174.9
331401-ท่าวังผา จ.น่าน,Oct-00,82.6
331401-ท่าวังผา จ.น่าน,Nov-00,24
331401-ท่าวังผา จ.น่าน,Dec-00,-
331401-ท่าวังผา จ.น่าน,1-Jan,0.6
331401-ท่าวังผา จ.น่าน,1-Feb,-
331401-ท่าวังผา จ.น่าน,1-Mar,100
331401-ท่าวังผา จ.น่าน,1-Apr,60.4
331401-ท่าวังผา จ.น่าน,1-May,147.4
331401-ท่าวังผา จ.น่าน,1-Jun,194.2
331401-ท่าวังผา จ.น่าน,1-Jul,377.7
331401-ท่าวังผา จ.น่าน,1-Aug,413.3
331401-ท่าวังผา จ.น่าน,1-Sep,330.9
331401-ท่าวังผา จ.น่าน,1-Oct,115.7
331401-ท่าวังผา จ.น่าน,1-Nov,1.9
331401-ท่าวังผา จ.น่าน,1-Dec,-
331401-ท่าวังผา จ.น่าน,2-Jan,12
331401-ท่าวังผา จ.น่าน,2-Feb,0.2
331401-ท่าวังผา จ.น่าน,2-Mar,4.2
331401-ท่าวังผา จ.น่าน,2-Apr,38.8
331401-ท่าวังผา จ.น่าน,2-May,365.2
331401-ท่าวังผา จ.น่าน,2-Jun,129.7
331401-ท่าวังผา จ.น่าน,2-Jul,343.3
331401-ท่าวังผา จ.น่าน,2-Aug,320.9
331401-ท่าวังผา จ.น่าน,2-Sep,138.3
331401-ท่าวังผา จ.น่าน,2-Oct,116.8
331401-ท่าวังผา จ.น่าน,2-Nov,55.5
331401-ท่าวังผา จ.น่าน,2-Dec,49.3
331401-ท่าวังผา จ.น่าน,3-Jan,7.6
331401-ท่าวังผา จ.น่าน,3-Feb,-
331401-ท่าวังผา จ.น่าน,3-Mar,87.2
331401-ท่าวังผา จ.น่าน,3-Apr,28
331401-ท่าวังผา จ.น่าน,3-May,105.7
331401-ท่าวังผา จ.น่าน,3-Jun,153.4
331401-ท่าวังผา จ.น่าน,3-Jul,220.4
331401-ท่าวังผา จ.น่าน,3-Aug,370.2
331401-ท่าวังผา จ.น่าน,3-Sep,186.9
331401-ท่าวังผา จ.น่าน,3-Oct,4.5
331401-ท่าวังผา จ.น่าน,3-Nov,1
331401-ท่าวังผา จ.น่าน,3-Dec,-
331402-ทุ่งช้าง จ.น่าน,Jan-98,17.5
331402-ทุ่งช้าง จ.น่าน,Feb-98,-
331402-ทุ่งช้าง จ.น่าน,Mar-98,26.9
331402-ทุ่งช้าง จ.น่าน,Apr-98,168.2
331402-ทุ่งช้าง จ.น่าน,May-98,277.9
331402-ทุ่งช้าง จ.น่าน,Jun-98,256.1
331402-ทุ่งช้าง จ.น่าน,Jul-98,299
331402-ทุ่งช้าง จ.น่าน,Aug-98,237.6
331402-ทุ่งช้าง จ.น่าน,Sep-98,320.5
331402-ทุ่งช้าง จ.น่าน,Oct-98,-
331402-ทุ่งช้าง จ.น่าน,Nov-98,18.6
331402-ทุ่งช้าง จ.น่าน,Dec-98,-
331402-ทุ่งช้าง จ.น่าน,Jan-99,13.8
331402-ทุ่งช้าง จ.น่าน,Feb-99,3.2
331402-ทุ่งช้าง จ.น่าน,Mar-99,31.5
331402-ทุ่งช้าง จ.น่าน,Apr-99,101.9
331402-ทุ่งช้าง จ.น่าน,May-99,219
331402-ทุ่งช้าง จ.น่าน,Jun-99,260.8
331402-ทุ่งช้าง จ.น่าน,Jul-99,216.7
331402-ทุ่งช้าง จ.น่าน,Aug-99,447.4
331402-ทุ่งช้าง จ.น่าน,Sep-99,273.6
331402-ทุ่งช้าง จ.น่าน,Oct-99,95.1
331402-ทุ่งช้าง จ.น่าน,Nov-99,29
331402-ทุ่งช้าง จ.น่าน,Dec-99,10.4
331402-ทุ่งช้าง จ.น่าน,Jan-00,-
331402-ทุ่งช้าง จ.น่าน,Feb-00,83
331402-ทุ่งช้าง จ.น่าน,Mar-00,59.2
331402-ทุ่งช้าง จ.น่าน,Apr-00,109
331402-ทุ่งช้าง จ.น่าน,May-00,291
331402-ทุ่งช้าง จ.น่าน,Jun-00,213.5
331402-ทุ่งช้าง จ.น่าน,Jul-00,376.7
331402-ทุ่งช้าง จ.น่าน,Aug-00,264.1
331402-ทุ่งช้าง จ.น่าน,Sep-00,189.8
331402-ทุ่งช้าง จ.น่าน,Oct-00,68.5
331402-ทุ่งช้าง จ.น่าน,Nov-00,1
331402-ทุ่งช้าง จ.น่าน,Dec-00,1.6
331402-ทุ่งช้าง จ.น่าน,1-Jan,12.8
331402-ทุ่งช้าง จ.น่าน,1-Feb,-
331402-ทุ่งช้าง จ.น่าน,1-Mar,91.6
331402-ทุ่งช้าง จ.น่าน,1-Apr,101.7
331402-ทุ่งช้าง จ.น่าน,1-May,250
331402-ทุ่งช้าง จ.น่าน,1-Jun,145.8
331402-ทุ่งช้าง จ.น่าน,1-Jul,468.7
331402-ทุ่งช้าง จ.น่าน,1-Aug,374
331402-ทุ่งช้าง จ.น่าน,1-Sep,249.8
331402-ทุ่งช้าง จ.น่าน,1-Oct,73.5
331402-ทุ่งช้าง จ.น่าน,1-Nov,11.3
331402-ทุ่งช้าง จ.น่าน,1-Dec,-
331402-ทุ่งช้าง จ.น่าน,2-Jan,5.4
331402-ทุ่งช้าง จ.น่าน,2-Feb,0.7
331402-ทุ่งช้าง จ.น่าน,2-Mar,25.8
331402-ทุ่งช้าง จ.น่าน,2-Apr,135.6
331402-ทุ่งช้าง จ.น่าน,2-May,380.8
331402-ทุ่งช้าง จ.น่าน,2-Jun,326.3
331402-ทุ่งช้าง จ.น่าน,2-Jul,386.1
331402-ทุ่งช้าง จ.น่าน,2-Aug,310
331402-ทุ่งช้าง จ.น่าน,2-Sep,270.8
331402-ทุ่งช้าง จ.น่าน,2-Oct,58.8
331402-ทุ่งช้าง จ.น่าน,2-Nov,102.6
331402-ทุ่งช้าง จ.น่าน,2-Dec,81.5
331402-ทุ่งช้าง จ.น่าน,3-Jan,4.4
331402-ทุ่งช้าง จ.น่าน,3-Feb,26.3
331402-ทุ่งช้าง จ.น่าน,3-Mar,111.8
331402-ทุ่งช้าง จ.น่าน,3-Apr,72.7
331402-ทุ่งช้าง จ.น่าน,3-May,89.7
331402-ทุ่งช้าง จ.น่าน,3-Jun,192.5
331402-ทุ่งช้าง จ.น่าน,3-Jul,268.4
331402-ทุ่งช้าง จ.น่าน,3-Aug,254.7
331402-ทุ่งช้าง จ.น่าน,3-Sep,314.1
331402-ทุ่งช้าง จ.น่าน,3-Oct,46.4
331402-ทุ่งช้าง จ.น่าน,3-Nov,-
331402-ทุ่งช้าง จ.น่าน,3-Dec,0.9
351201-อุตรดิตถ์ จ.อุตรดิตถ์,Jan-98,-
351201-อุตรดิตถ์ จ.อุตรดิตถ์,Feb-98,-
351201-อุตรดิตถ์ จ.อุตรดิตถ์,Mar-98,5.7
351201-อุตรดิตถ์ จ.อุตรดิตถ์,Apr-98,55.2
351201-อุตรดิตถ์ จ.อุตรดิตถ์,May-98,50.9
351201-อุตรดิตถ์ จ.อุตรดิตถ์,Jun-98,229.5
351201-อุตรดิตถ์ จ.อุตรดิตถ์,Jul-98,123.6
351201-อุตรดิตถ์ จ.อุตรดิตถ์,Aug-98,162.6
351201-อุตรดิตถ์ จ.อุตรดิตถ์,Sep-98,219.9
351201-อุตรดิตถ์ จ.อุตรดิตถ์,Oct-98,32
351201-อุตรดิตถ์ จ.อุตรดิตถ์,Nov-98,77.9
351201-อุตรดิตถ์ จ.อุตรดิตถ์,Dec-98,-
351201-อุตรดิตถ์ จ.อุตรดิตถ์,Jan-99,17.8
351201-อุตรดิตถ์ จ.อุตรดิตถ์,Feb-99,-
351201-อุตรดิตถ์ จ.อุตรดิตถ์,Mar-99,8.9
351201-อุตรดิตถ์ จ.อุตรดิตถ์,Apr-99,184.5
351201-อุตรดิตถ์ จ.อุตรดิตถ์,May-99,566.2
351201-อุตรดิตถ์ จ.อุตรดิตถ์,Jun-99,138.4
351201-อุตรดิตถ์ จ.อุตรดิตถ์,Jul-99,163.5
351201-อุตรดิตถ์ จ.อุตรดิตถ์,Aug-99,303.8
351201-อุตรดิตถ์ จ.อุตรดิตถ์,Sep-99,220
351201-อุตรดิตถ์ จ.อุตรดิตถ์,Oct-99,94.4
351201-อุตรดิตถ์ จ.อุตรดิตถ์,Nov-99,27.6
351201-อุตรดิตถ์ จ.อุตรดิตถ์,Dec-99,1.9
351201-อุตรดิตถ์ จ.อุตรดิตถ์,Jan-00,-
351201-อุตรดิตถ์ จ.อุตรดิตถ์,Feb-00,68.6
351201-อุตรดิตถ์ จ.อุตรดิตถ์,Mar-00,2.7
351201-อุตรดิตถ์ จ.อุตรดิตถ์,Apr-00,191.9
351201-อุตรดิตถ์ จ.อุตรดิตถ์,May-00,286.5
351201-อุตรดิตถ์ จ.อุตรดิตถ์,Jun-00,159.4
351201-อุตรดิตถ์ จ.อุตรดิตถ์,Jul-00,147.3
351201-อุตรดิตถ์ จ.อุตรดิตถ์,Aug-00,175.3
351201-อุตรดิตถ์ จ.อุตรดิตถ์,Sep-00,221.9
351201-อุตรดิตถ์ จ.อุตรดิตถ์,Oct-00,80.7
351201-อุตรดิตถ์ จ.อุตรดิตถ์,Nov-00,-
351201-อุตรดิตถ์ จ.อุตรดิตถ์,Dec-00,-
351201-อุตรดิตถ์ จ.อุตรดิตถ์,1-Jan,10
351201-อุตรดิตถ์ จ.อุตรดิตถ์,1-Feb,-
351201-อุตรดิตถ์ จ.อุตรดิตถ์,1-Mar,136.8
351201-อุตรดิตถ์ จ.อุตรดิตถ์,1-Apr,30.7
351201-อุตรดิตถ์ จ.อุตรดิตถ์,1-May,360.3
351201-อุตรดิตถ์ จ.อุตรดิตถ์,1-Jun,119.9
351201-อุตรดิตถ์ จ.อุตรดิตถ์,1-Jul,122.1
351201-อุตรดิตถ์ จ.อุตรดิตถ์,1-Aug,413.1
351201-อุตรดิตถ์ จ.อุตรดิตถ์,1-Sep,108.9
351201-อุตรดิตถ์ จ.อุตรดิตถ์,1-Oct,153.5
351201-อุตรดิตถ์ จ.อุตรดิตถ์,1-Nov,0.4
351201-อุตรดิตถ์ จ.อุตรดิตถ์,1-Dec,0.1
351201-อุตรดิตถ์ จ.อุตรดิตถ์,2-Jan,9.8
351201-อุตรดิตถ์ จ.อุตรดิตถ์,2-Feb,1.4
351201-อุตรดิตถ์ จ.อุตรดิตถ์,2-Mar,31.7
351201-อุตรดิตถ์ จ.อุตรดิตถ์,2-Apr,9.7
351201-อุตรดิตถ์ จ.อุตรดิตถ์,2-May,183
351201-อุตรดิตถ์ จ.อุตรดิตถ์,2-Jun,37.7
351201-อุตรดิตถ์ จ.อุตรดิตถ์,2-Jul,143.1
351201-อุตรดิตถ์ จ.อุตรดิตถ์,2-Aug,284.4
351201-อุตรดิตถ์ จ.อุตรดิตถ์,2-Sep,365.3
351201-อุตรดิตถ์ จ.อุตรดิตถ์,2-Oct,84
351201-อุตรดิตถ์ จ.อุตรดิตถ์,2-Nov,49.5
351201-อุตรดิตถ์ จ.อุตรดิตถ์,2-Dec,17
351201-อุตรดิตถ์ จ.อุตรดิตถ์,3-Jan,20.9
351201-อุตรดิตถ์ จ.อุตรดิตถ์,3-Feb,3.2
351201-อุตรดิตถ์ จ.อุตรดิตถ์,3-Mar,43.3
351201-อุตรดิตถ์ จ.อุตรดิตถ์,3-Apr,71.6
351201-อุตรดิตถ์ จ.อุตรดิตถ์,3-May,76.9
351201-อุตรดิตถ์ จ.อุตรดิตถ์,3-Jun,226.7
351201-อุตรดิตถ์ จ.อุตรดิตถ์,3-Jul,303.9
351201-อุตรดิตถ์ จ.อุตรดิตถ์,3-Aug,283.1
351201-อุตรดิตถ์ จ.อุตรดิตถ์,3-Sep,257.7
351201-อุตรดิตถ์ จ.อุตรดิตถ์,3-Oct,2.5
351201-อุตรดิตถ์ จ.อุตรดิตถ์,3-Nov,-
351201-อุตรดิตถ์ จ.อุตรดิตถ์,3-Dec,-
373201-สุโขทัย จ.สุโขทัย,Jan-99,10.6
373201-สุโขทัย จ.สุโขทัย,Feb-99,-
373201-สุโขทัย จ.สุโขทัย,Mar-99,3.9
373201-สุโขทัย จ.สุโขทัย,Apr-99,67.7
373201-สุโขทัย จ.สุโขทัย,May-99,330.9
373201-สุโขทัย จ.สุโขทัย,Jun-99,151.1
373201-สุโขทัย จ.สุโขทัย,Jul-99,100.7
373201-สุโขทัย จ.สุโขทัย,Aug-99,284.4
373201-สุโขทัย จ.สุโขทัย,Sep-99,169
373201-สุโขทัย จ.สุโขทัย,Oct-99,514.8
373201-สุโขทัย จ.สุโขทัย,Nov-99,116.4
373201-สุโขทัย จ.สุโขทัย,Dec-99,3.9
373201-สุโขทัย จ.สุโขทัย,Jan-00,-
373201-สุโขทัย จ.สุโขทัย,Feb-00,166.7
373201-สุโขทัย จ.สุโขทัย,Mar-00,8
373201-สุโขทัย จ.สุโขทัย,Apr-00,52.1
373201-สุโขทัย จ.สุโขทัย,May-00,174.8
373201-สุโขทัย จ.สุโขทัย,Jun-00,136.6
373201-สุโขทัย จ.สุโขทัย,Jul-00,95.8
373201-สุโขทัย จ.สุโขทัย,Aug-00,81.6
373201-สุโขทัย จ.สุโขทัย,Sep-00,246.7
373201-สุโขทัย จ.สุโขทัย,Oct-00,235.8
373201-สุโขทัย จ.สุโขทัย,Nov-00,-
373201-สุโขทัย จ.สุโขทัย,Dec-00,-
373201-สุโขทัย จ.สุโขทัย,1-Jan,13.1
373201-สุโขทัย จ.สุโขทัย,1-Feb,0.1
373201-สุโขทัย จ.สุโขทัย,1-Mar,76.9
373201-สุโขทัย จ.สุโขทัย,1-Apr,14.6
373201-สุโขทัย จ.สุโขทัย,1-May,362.6
373201-สุโขทัย จ.สุโขทัย,1-Jun,282.8
373201-สุโขทัย จ.สุโขทัย,1-Jul,107.3
373201-สุโขทัย จ.สุโขทัย,1-Aug,305.5
373201-สุโขทัย จ.สุโขทัย,1-Sep,180.9
373201-สุโขทัย จ.สุโขทัย,1-Oct,384.1
373201-สุโขทัย จ.สุโขทัย,1-Nov,2.9
373201-สุโขทัย จ.สุโขทัย,1-Dec,2.3
373201-สุโขทัย จ.สุโขทัย,2-Jan,20.6
373201-สุโขทัย จ.สุโขทัย,2-Feb,-
373201-สุโขทัย จ.สุโขทัย,2-Mar,29.7
373201-สุโขทัย จ.สุโขทัย,2-Apr,102.4
373201-สุโขทัย จ.สุโขทัย,2-May,217.3
373201-สุโขทัย จ.สุโขทัย,2-Jun,143.5
373201-สุโขทัย จ.สุโขทัย,2-Jul,101.7
373201-สุโขทัย จ.สุโขทัย,2-Aug,179.7
373201-สุโขทัย จ.สุโขทัย,2-Sep,537.4
373201-สุโขทัย จ.สุโขทัย,2-Oct,254.4
373201-สุโขทัย จ.สุโขทัย,2-Nov,91.6
373201-สุโขทัย จ.สุโขทัย,2-Dec,26.4
373201-สุโขทัย จ.สุโขทัย,3-Jan,10.5
373201-สุโขทัย จ.สุโขทัย,3-Feb,1.2
373201-สุโขทัย จ.สุโขทัย,3-Mar,50.7
373201-สุโขทัย จ.สุโขทัย,3-Apr,2.4
373201-สุโขทัย จ.สุโขทัย,3-May,50.8
373201-สุโขทัย จ.สุโขทัย,3-Jun,203
373201-สุโขทัย จ.สุโขทัย,3-Jul,152.3
373201-สุโขทัย จ.สุโขทัย,3-Aug,124.6
373201-สุโขทัย จ.สุโขทัย,3-Sep,250.7
373201-สุโขทัย จ.สุโขทัย,3-Oct,37.5
373201-สุโขทัย จ.สุโขทัย,3-Nov,-
373201-สุโขทัย จ.สุโขทัย,3-Dec,-
373301-ศรีสำโรง สกษ. จ.สุโขทัย,Jan-98,0.2
373301-ศรีสำโรง สกษ. จ.สุโขทัย,Feb-98,-
373301-ศรีสำโรง สกษ. จ.สุโขทัย,Mar-98,2
373301-ศรีสำโรง สกษ. จ.สุโขทัย,Apr-98,48.9
373301-ศรีสำโรง สกษ. จ.สุโขทัย,May-98,117.4
373301-ศรีสำโรง สกษ. จ.สุโขทัย,Jun-98,101.1
373301-ศรีสำโรง สกษ. จ.สุโขทัย,Jul-98,207
373301-ศรีสำโรง สกษ. จ.สุโขทัย,Aug-98,168.6
373301-ศรีสำโรง สกษ. จ.สุโขทัย,Sep-98,164.5
373301-ศรีสำโรง สกษ. จ.สุโขทัย,Oct-98,64.6
373301-ศรีสำโรง สกษ. จ.สุโขทัย,Nov-98,43.4
373301-ศรีสำโรง สกษ. จ.สุโขทัย,Dec-98,T
373301-ศรีสำโรง สกษ. จ.สุโขทัย,Jan-99,5.9
373301-ศรีสำโรง สกษ. จ.สุโขทัย,Feb-99,1.2
373301-ศรีสำโรง สกษ. จ.สุโขทัย,Mar-99,12.7
373301-ศรีสำโรง สกษ. จ.สุโขทัย,Apr-99,54.5
373301-ศรีสำโรง สกษ. จ.สุโขทัย,May-99,409.7
373301-ศรีสำโรง สกษ. จ.สุโขทัย,Jun-99,98
373301-ศรีสำโรง สกษ. จ.สุโขทัย,Jul-99,70.7
373301-ศรีสำโรง สกษ. จ.สุโขทัย,Aug-99,192.2
373301-ศรีสำโรง สกษ. จ.สุโขทัย,Sep-99,233.9
373301-ศรีสำโรง สกษ. จ.สุโขทัย,Oct-99,413
373301-ศรีสำโรง สกษ. จ.สุโขทัย,Nov-99,135.2
373301-ศรีสำโรง สกษ. จ.สุโขทัย,Dec-99,4.2
373301-ศรีสำโรง สกษ. จ.สุโขทัย,Jan-00,-
373301-ศรีสำโรง สกษ. จ.สุโขทัย,Feb-00,96.1
373301-ศรีสำโรง สกษ. จ.สุโขทัย,Mar-00,-
373301-ศรีสำโรง สกษ. จ.สุโขทัย,Apr-00,61
373301-ศรีสำโรง สกษ. จ.สุโขทัย,May-00,185.9
373301-ศรีสำโรง สกษ. จ.สุโขทัย,Jun-00,84.7
373301-ศรีสำโรง สกษ. จ.สุโขทัย,Jul-00,66.9
373301-ศรีสำโรง สกษ. จ.สุโขทัย,Aug-00,155.1
373301-ศรีสำโรง สกษ. จ.สุโขทัย,Sep-00,257.4
373301-ศรีสำโรง สกษ. จ.สุโขทัย,Oct-00,244.6
373301-ศรีสำโรง สกษ. จ.สุโขทัย,Nov-00,4.7
373301-ศรีสำโรง สกษ. จ.สุโขทัย,Dec-00,-
373301-ศรีสำโรง สกษ. จ.สุโขทัย,1-Jan,7.3
373301-ศรีสำโรง สกษ. จ.สุโขทัย,1-Feb,T
373301-ศรีสำโรง สกษ. จ.สุโขทัย,1-Mar,75.4
373301-ศรีสำโรง สกษ. จ.สุโขทัย,1-Apr,21.7
373301-ศรีสำโรง สกษ. จ.สุโขทัย,1-May,523
373301-ศรีสำโรง สกษ. จ.สุโขทัย,1-Jun,177.6
373301-ศรีสำโรง สกษ. จ.สุโขทัย,1-Jul,100.5
373301-ศรีสำโรง สกษ. จ.สุโขทัย,1-Aug,235.9
373301-ศรีสำโรง สกษ. จ.สุโขทัย,1-Sep,188.3
373301-ศรีสำโรง สกษ. จ.สุโขทัย,1-Oct,370.5
373301-ศรีสำโรง สกษ. จ.สุโขทัย,1-Nov,1.7
373301-ศรีสำโรง สกษ. จ.สุโขทัย,1-Dec,3.9
373301-ศรีสำโรง สกษ. จ.สุโขทัย,2-Jan,17.1
373301-ศรีสำโรง สกษ. จ.สุโขทัย,2-Feb,-
373301-ศรีสำโรง สกษ. จ.สุโขทัย,2-Mar,19.2
373301-ศรีสำโรง สกษ. จ.สุโขทัย,2-Apr,11.8
373301-ศรีสำโรง สกษ. จ.สุโขทัย,2-May,103.1
373301-ศรีสำโรง สกษ. จ.สุโขทัย,2-Jun,148.7
373301-ศรีสำโรง สกษ. จ.สุโขทัย,2-Jul,134.1
373301-ศรีสำโรง สกษ. จ.สุโขทัย,2-Aug,223.5
373301-ศรีสำโรง สกษ. จ.สุโขทัย,2-Sep,464.4
373301-ศรีสำโรง สกษ. จ.สุโขทัย,2-Oct,248.7
373301-ศรีสำโรง สกษ. จ.สุโขทัย,2-Nov,95.8
373301-ศรีสำโรง สกษ. จ.สุโขทัย,2-Dec,51.8
373301-ศรีสำโรง สกษ. จ.สุโขทัย,3-Jan,43.1
373301-ศรีสำโรง สกษ. จ.สุโขทัย,3-Feb,2.7
373301-ศรีสำโรง สกษ. จ.สุโขทัย,3-Mar,58.3
373301-ศรีสำโรง สกษ. จ.สุโขทัย,3-Apr,2.7
373301-ศรีสำโรง สกษ. จ.สุโขทัย,3-May,121.8
373301-ศรีสำโรง สกษ. จ.สุโขทัย,3-Jun,150.2
373301-ศรีสำโรง สกษ. จ.สุโขทัย,3-Jul,171.5
373301-ศรีสำโรง สกษ. จ.สุโขทัย,3-Aug,150.4
373301-ศรีสำโรง สกษ. จ.สุโขทัย,3-Sep,239
373301-ศรีสำโรง สกษ. จ.สุโขทัย,3-Oct,35.8
373301-ศรีสำโรง สกษ. จ.สุโขทัย,3-Nov,-
373301-ศรีสำโรง สกษ. จ.สุโขทัย,3-Dec,-
